{"cameraMode":{"drawMode":0,"name":"Shaded","section":"Shading Mode"},"sceneLighting":true,"audioPlay":false,"sceneViewState":{"m_AlwaysRefresh":false,"showFog":true,"showSkybox":true,"showFlares":true,"showImageEffects":true,"showParticleSystems":true,"showVisualEffectGraphs":true,"m_FxEnabled":true},"in2DMode":false,"pivot":{"x":4.098518371582031,"y":-4.082817554473877,"z":2.3823280334472658},"rotation":{"x":0.28446727991104128,"y":0.2131139487028122,"z":-0.06501661241054535,"w":0.9324404001235962},"size":16.398534774780275,"orthographic":false}