{"cameraMode":{"drawMode":0,"name":"Shaded","section":"Shading Mode"},"sceneLighting":true,"audioPlay":false,"sceneViewState":{"m_AlwaysRefresh":false,"showFog":true,"showSkybox":true,"showFlares":true,"showImageEffects":true,"showParticleSystems":true,"showVisualEffectGraphs":true,"m_FxEnabled":true},"in2DMode":false,"pivot":{"x":24.793434143066408,"y":-1.4110426902770997,"z":-1.4877643585205079},"rotation":{"x":0.1941792070865631,"y":0.12731528282165528,"z":-0.025423847138881685,"w":0.9723430275917053},"size":30.39562225341797,"orthographic":false}